BILLING_PROVIDER_NPI_NUM,SERVICING_PROVIDER_NPI_NUM,HCPCS_CODE,CLAIM_FROM_MONTH,TOTAL_PATIENTS,TOTAL_CLAIM_LINES,TOTAL_PAID
1023410792,1023410792,T1019,2020-10,64,1991,272892.02
1104958370,1104958370,T2040,2024-11,430,430,174687.50
1710918545,1710918545,74177,2023-09,245,247,126081.82
1578595971,1962434357,G9002,2022-12,772,772,101564.32
1235287855,1235287855,H0018,2023-10,36,334,98903.83
1184865776,1184865776,90834,2018-11,352,704,92601.92
1821061649,1821061649,90999,2018-11,128,1767,83353.03
1780689935,1780689935,T2046,2020-11,24,596,69794.67
1609998251,1609998251,H2015,2019-06,222,679,65819.50
1699703827,1225161813,H0032,2021-11,229,502,61888.02
1356315899,1356315899,T1015,2024-04,464,645,61140.56
1992164784,1992164784,T1019,2020-04,32,90,48704.34
1891765178,1932298957,99285,2021-12,20,21,45347.14
1912928599,1356786511,99472,2020-10,13,111,40864.34
1164553137,1134544075,T1015,2020-02,177,205,38552.93
1285990978,1285990978,D0120,2021-03,249,251,31827.79
1811994809,1811994809,99285,2023-02,117,140,30555.10
1588994438,1588994438,B4161,2019-04,52,54,30081.73
1942372016,1942372016,S5150,2022-03,42,300,29806.49
1861576282,A565813600,T4528,2019-03,257,257,28283.72
1053581645,1053581645,A0428,2021-03,82,174,27634.10
1376512236,1376512236,H0031,2020-10,104,108,26881.22
1013321033,1013321033,99214,2023-09,350,366,26400.84
1417099789,1639322415,H0020,2023-12,48,1075,25434.50
1780059717,1780059717,87641,2022-11,824,855,25275.82
1598897910,1598897910,G0300,2022-12,28,610,23623.79
1437423167,1437423167,T1015,2018-05,241,273,22269.44
1285669903,1285669903,A0427,2019-05,186,205,21259.01
1588051098,1588051098,T1019,2020-07,25,267,21170.80
1821237355,1851391627,T1015,2023-01,162,166,20926.85
1053539890,1083832232,T1015,2018-05,72,107,20583.02
1114348463,1114348463,90832,2020-03,118,353,19076.82
1669449450,1366044935,T1015,2024-03,53,61,18655.62
1932736824,1144472770,S9480,2020-12,17,44,18258.45
1750398889,1790447092,T1041,2023-11,17,17,17904.37
1689229684,1689229684,H0044,2021-11,22,22,16939.56
1679977979,1679977979,S9123,2019-08,23,103,16835.00
1952591851,1346516721,T1015,2021-07,59,93,16564.47
1649356791,1649356791,A0425,2023-07,1940,2215,16062.63
1528136389,1225193667,T1015,2021-02,107,128,16024.16
1083853360,1912011107,99213,2020-07,182,209,15641.90
1790966760,1790966760,T4535,2020-04,274,274,15613.48
1245246644,1720059298,99214,2019-01,146,157,15558.91
1730321555,1730321555,D2391,2019-07,28,147,14406.00
1629079009,1184026734,T1015,2021-09,28,38,14238.60
1831651330,1831651330,90853,2018-04,71,280,13930.31
1477851756,1407431505,T1041,2022-11,13,13,13691.85
1427098227,1891082335,99212,2021-07,69,184,13623.27
1861614992,1861614992,S5100,2022-06,13,268,13623.00
1750316907,1841267051,99213,2022-05,182,230,13609.78
1235307042,1235307042,S5102,2019-09,14,263,13150.00
1356406136,1356406136,90471,2024-01,560,566,12514.71
1285223776,1720658719,T2022,2023-05,38,38,12482.32
1932145778,1932145778,86800,2022-06,1460,1481,12279.20
1356482004,1023012937,97110,2019-12,74,474,12086.00
1225061641,1225061641,T4541,2023-08,275,276,12073.27
1265068001,1770912917,T1015,2022-09,16,45,11617.74
1366835415,1730702895,99284,2023-12,113,116,11274.91
1366534729,1366534729,99394,2022-08,124,133,11254.46
1184968182,1184968182,T2003,2024-04,45,1372,10958.00
1689747552,1689747552,Q9957,2019-07,90,92,10913.17
1528078219,1326474438,99244,2023-07,42,42,10837.12
1356366991,1356366991,71260,2024-04,52,54,10085.39
1710932736,1134579733,99285,2024-03,111,139,10084.25
1932756764,1932421559,T1015,2021-11,36,47,9846.99
1861554438,1861554438,99281,2019-07,203,247,9836.02
1992773816,1992773816,99401,2023-08,298,320,9829.30
1164428942,1841586849,99204,2024-11,130,130,9538.00
1811294440,1811294440,90834,2020-02,57,139,9493.70
1386749893,1497071674,99284,2020-12,43,53,9133.33
1588287460,1699719567,D3330,2024-09,14,14,8992.34
1497717375,1124080023,97110,2020-07,54,235,8776.01
1528201613,1457648552,D7210,2019-08,135,137,8723.44
1831162643,1003176751,92507,2020-02,43,131,8577.38
1982705661,1982705661,S5161,2018-07,266,267,8469.41
1598714503,1598714503,B4035,2023-05,55,74,8153.17
1922193911,1851390843,99479,2019-02,24,80,8112.00
1841474145,1841474145,S9131,2023-07,55,177,7995.00
1033373485,1033373485,D1351,2021-08,88,334,7975.00
1023686284,1023686284,J0575,2023-07,70,1260,7964.16
1245211309,1245211309,4124F,2019-10,311,360,7961.00
1023002920,1023002920,H0031,2024-10,64,69,7813.21
1366496937,1366496937,96360,2021-05,55,59,7785.65
1467447508,1780679951,99284,2019-11,42,60,7683.56
1396063137,1396063137,87634,2023-01,119,125,7678.48
1831379841,1760555007,99213,2021-05,162,173,7676.04
1326631698,1780033621,D2930,2022-03,32,79,7654.50
1386091486,1225492002,99215,2023-08,56,67,7486.93
1225030844,A599428400,99214,2018-10,111,123,7362.82
1639138480,1821044736,99214,2021-11,156,161,7337.70
1508161670,1003825274,99213,2023-05,90,95,7251.04
1649890526,1275041113,92507,2020-09,25,130,7161.86
1891018826,1972133809,H0036,2021-02,26,60,7037.16
1114367497,1114367497,87491,2024-06,174,185,6913.60
1508124488,1982913034,99231,2024-11,28,101,6605.58
1740213446,1891970521,99213,2021-10,62,103,6355.60
1710924683,M961997600,99204,2019-11,63,64,6309.20
1164786257,1164786257,A0433,2024-07,26,33,6217.64
1396355244,1164556767,90837,2022-12,38,66,6203.38
1548275217,1548685340,90847,2018-01,15,28,6197.14
1811530629,1043720055,90834,2022-01,34,74,6086.50
1336187475,1992130405,99203,2023-05,63,63,6008.35
1598170821,1679717045,90837,2020-06,53,134,5985.38
1952476525,1952476525,72141,2018-03,16,17,5848.43
1205860335,1376553339,74177,2022-07,12,16,5842.51
1497797716,1447292966,99233,2019-11,14,41,5747.78
1326020447,1821581448,99284,2021-09,38,40,5706.13
1114974029,1821382128,99283,2024-05,21,23,5700.55
1487253449,1528140555,99285,2022-04,31,39,5641.45
1548551997,1528078185,T1015,2023-03,43,43,5509.59
1568576056,1083668370,99392,2021-04,49,50,5505.96
1952790206,1952790206,80369,2018-04,137,312,5500.12
1528023520,1528023520,99284,2022-07,254,306,5410.85
1023104023,1023104023,99203,2022-11,52,52,5390.82
1962557496,A565813600,90834,2019-05,34,67,5375.50
1477742807,1659856524,99214,2020-02,73,85,5335.54
1902999022,1003911066,90846,2020-01,25,118,5331.27
1639519291,1639519291,D2392,2018-06,53,71,5281.42
1528448909,1043226830,99215,2023-12,13,28,5254.79
1346279478,1346279478,T4535,2019-01,109,109,5242.74
1497986582,1922428077,99213,2024-04,14,24,5233.49
1780308262,1780308262,81436,2024-02,13,13,5211.45
1194889824,1194889824,92507,2021-09,58,112,5196.97
1760446256,1477849420,99284,2019-09,18,20,5009.84
1174749972,1174749972,E0570,2023-04,317,317,4968.13
1669798971,1306510045,92507,2022-12,35,77,4950.00
1710065933,1326301862,99283,2023-03,60,60,4939.53
1164464921,1457355364,99214,2018-04,86,90,4875.99
1558411934,1245362706,99213,2021-01,61,78,4873.51
1053353896,1043565252,99291,2020-08,30,94,4725.25
1205210838,1548245814,99204,2023-11,49,54,4704.57
1518120971,1841750544,99285,2023-01,31,34,4696.85
1750343216,1285614305,99213,2023-10,107,115,4689.15
1336453463,1700853249,99392,2024-01,41,46,4688.04
1720505571,1336309582,99285,2023-10,26,27,4686.37
1245465376,1386643898,99213,2024-09,45,49,4636.38
1134288996,1134288996,E1390,2020-12,254,281,4609.84
1326447939,1184076135,71046,2024-04,15,17,4591.72
1003052598,1003052598,K0040,2019-08,49,54,4579.83
1265477632,1740401421,90847,2018-08,65,71,4535.49
1164527701,1356366298,99213,2024-07,64,69,4514.86
1760420186,1235288507,90837,2021-07,24,36,4479.28
1437813441,1437813441,11042,2022-06,15,42,4476.00
1760441141,1265626774,96132,2022-12,36,36,4407.56
1760454334,1760454334,77065,2021-02,34,47,4394.14
1477727055,1477727055,92014,2021-10,110,114,4381.86
1114290780,1356960868,T1015,2023-02,18,18,4344.48
1821033796,1386759835,01967,2019-05,13,17,4236.80
1891876264,1114916608,99213,2022-09,163,183,4236.33
1023074580,1609837129,99284,2021-08,46,55,4227.75
1992187322,1548618192,H2017,2020-06,16,65,4181.10
1588614994,1326169327,99203,2019-07,62,65,4177.62
1437365665,1003077991,92004,2024-11,27,27,4160.99
1235545021,1982988689,90837,2018-07,15,37,4146.96
1215275433,1659352763,99285,2019-02,37,41,4103.40
1740765510,1275026874,D1351,2024-07,39,145,4090.16
1609869916,1609869916,83690,2024-07,92,107,4086.92
1750715645,1891861597,99214,2019-02,50,51,4026.84
1740434851,1740434851,99214,2018-05,73,78,3946.90
1396714663,1750369229,99284,2019-09,33,34,3892.58
1689898694,1265732978,92014,2021-04,45,48,3859.94
1053848069,1760575567,99213,2018-06,72,78,3824.07
1043275787,1831503283,99233,2021-03,16,34,3802.94
1972013373,1972791093,99214,2021-03,12,18,3787.61
1184917924,1184917924,99284,2022-04,22,22,3764.70
1073688354,1184981193,G0378,2019-04,25,61,3742.86
1053599894,1144601451,97124,2022-11,23,37,3704.92
1902830524,1134644909,99214,2022-08,38,42,3658.86
1083016463,1578013207,98929,2020-07,20,42,3646.04
1972548568,1972548568,G0145,2023-06,122,122,3634.33
1083129704,1083129704,90837,2024-02,14,38,3592.32
1376071530,1356874358,99283,2022-02,22,22,3586.97
1740469709,1407378169,98941,2022-10,80,133,3584.13
1912614876,1770268435,90834,2024-11,16,39,3565.79
1790170033,1437387560,D1120,2023-04,82,82,3561.32
1063794618,1518410471,D2391,2019-02,19,37,3546.52
1891888517,1295764769,99203,2020-12,41,41,3535.58
1326093873,1174988455,87636,2023-02,28,28,3483.34
1780801050,1144312604,T1015,2023-10,37,47,3472.05
1578832242,1508011602,99214,2022-02,35,38,3464.97
1144215096,1346493012,99284,2021-09,54,66,3406.94
1477643690,1801119409,92507,2023-06,15,33,3388.04
1578172136,1891962254,90846,2021-11,29,51,3362.42
1184751422,1184751422,97150,2018-09,80,241,3316.04
1770679201,1689038853,70450,2023-01,24,24,3313.50
1376876664,1376876664,G0480,2024-08,53,60,3286.12
1427453711,1205931599,D1351,2022-11,38,159,3269.26
1346381415,1346381415,96372,2019-07,150,169,3266.50
1528308202,1043473119,D1120,2018-12,149,151,3217.20
1619382645,1619382645,99245,2019-04,16,16,3211.27
1033752480,1851868889,D0150,2022-08,93,93,3201.35
1063480218,1306959044,99213,2023-03,18,29,3128.75
1033437447,1194914184,76816,2023-03,74,90,3111.51
1447615711,1154843928,99284,2023-10,37,37,3082.54
1356305338,1376537514,H2019,2020-10,17,60,3076.53
1235776568,1811251036,D1120,2023-01,88,88,3045.00
1215969779,1215969779,D0150,2023-04,54,66,3042.36
1477575348,1760014054,H2019,2020-12,23,59,2958.95
1538119193,1538119193,90837,2022-05,12,34,2958.00
1568907269,1174029649,D0145,2021-12,22,22,2955.05
1548286172,1376509125,73521,2024-08,12,12,2955.00
1104229392,1689217804,99214,2024-03,26,26,2913.34
1285730242,1285730242,E1390,2024-07,34,34,2912.28
1528144318,1780832121,90837,2023-09,15,26,2877.50
1871755223,1346897535,92507,2021-05,19,40,2852.32
1366881740,1366881740,D2391,2019-10,13,29,2842.00
1841651197,1952948176,99214,2022-05,50,51,2841.49
1295968162,1790177079,99283,2023-06,46,48,2833.17
1942247143,1780953562,99391,2020-07,72,87,2820.41
1194913749,1972563302,99213,2024-01,24,24,2812.47
1134119381,1134119381,T1001,2024-07,26,26,2762.76
1811941172,1073606505,99232,2019-06,16,36,2759.20
1558823989,1245715408,D2392,2023-06,20,34,2753.00
1922320175,1285619239,99213,2020-01,62,76,2747.58
1144213117,1386096279,G0463,2019-08,34,39,2744.60
1578054557,1316508468,D9230,2021-10,59,68,2731.44
1497365100,1023405214,97112,2022-05,23,168,2711.09
1760885958,1558309062,99284,2023-12,23,24,2709.52
1700087590,1982108973,99283,2022-05,65,65,2697.56
1386874550,1265775738,99284,2018-09,31,31,2688.79
1841544061,1669637641,D1999,2020-10,257,270,2680.00
1548218613,1740470988,99285,2022-01,22,23,2632.33
1306254875,1306254875,90834,2018-04,12,32,2625.26
1750686614,1356985774,99213,2021-07,73,84,2619.38
1093762353,1417510017,99285,2024-07,31,32,2610.15
1336286285,1801180922,99284,2024-11,26,27,2607.91
1245502152,1588641666,90791,2023-03,27,33,2606.06
1518035815,1518035815,99213,2019-05,50,56,2597.36
1922052018,1174962021,99285,2023-07,24,25,2592.68
1205909496,1205909496,99214,2019-02,34,35,2580.82
1548425077,1548425077,90837,2023-03,22,37,2579.87
1447315742,1568826253,99214,2023-01,22,26,2576.28
1841774262,1841774262,00790,2024-07,12,13,2547.93
1336294040,1336294040,86901,2022-04,119,130,2530.31
1083659734,1083659734,97530,2019-11,23,63,2516.44
1356862528,1477539054,99214,2022-09,13,20,2514.55
1427018894,1518944347,99392,2023-10,26,28,2513.56
1104880863,1134192784,D7210,2021-03,19,32,2496.50
1407973605,1568071140,D2930,2021-09,15,19,2490.56
1952350761,1134186745,70450,2019-08,88,95,2459.26
1275576654,1144245523,99214,2022-08,31,33,2439.68
1124032982,1124032982,C9803,2021-10,318,368,2336.99
1386895175,1194208280,D1120,2024-11,148,148,2328.74
1063525236,1083971550,76830,2018-10,30,31,2314.02
1982030029,1982030029,90837,2018-10,12,25,2311.86
1891718375,1891718375,99212,2023-07,20,23,2307.53
1801136734,1497712327,99386,2022-07,42,52,2303.96
1568414589,1568414589,96361,2019-08,78,104,2293.35
1962785923,1962785923,D0330,2019-02,39,43,2292.15
1548538200,1265500490,70220,2022-01,98,109,2289.72
1184851115,A962823100,D0150,2018-01,13,13,2278.20
1336119478,1104264407,G0463,2019-02,14,15,2271.60
1528424702,1598010266,D0120,2023-12,94,95,2262.11
1245952472,1164884243,D1110,2024-04,45,50,2255.60
1285662239,1528164241,99283,2022-10,19,20,2253.87
1023075462,1326244963,99285,2024-06,36,38,2231.69
1013272459,1720069875,99213,2024-06,19,19,2216.95
1962463786,1962463786,87798,2020-11,31,40,2202.48
1053795708,1619918943,99223,2022-09,39,40,2195.56
1366430563,1164511218,99213,2021-09,23,31,2189.57
1730185232,1225112188,99233,2019-04,35,35,2182.89
1447379672,1447379672,99214,2019-09,32,34,2142.63
1902323868,1134432099,D0272,2020-07,116,116,2140.22
1851343909,1851343909,99285,2021-07,18,19,2136.47
1316228117,1316228117,90837,2018-11,16,34,2123.72
1215939210,1831426477,80307,2021-07,33,39,2115.22
1225207251,1225207251,D7140,2023-03,20,50,2113.22
1255083473,1801324298,D0330,2022-10,40,40,2102.00
1720227226,1720227226,97140,2019-03,134,513,2080.52
1659744506,1821490251,D1110,2019-08,73,86,2077.99
1033277314,1033277314,D2391,2019-02,25,37,2066.25
1528569316,1457931503,97140,2022-05,66,184,2054.48
1912288515,1912288515,87880,2023-06,149,156,2051.28
1841557246,1154341147,99214,2022-11,23,24,2044.87
1689719734,1689719734,96164,2021-01,123,183,2043.50
1194926279,1194926279,72148,2022-09,17,17,2039.53
1891892147,1194706390,99391,2021-06,32,39,2036.80
1861711616,1992172811,99391,2024-08,33,37,2016.67
1043432115,1043265929,97530,2019-11,13,45,1993.49
1114957123,1770892119,99204,2024-09,21,21,1988.54
1245263953,1245263953,99391,2019-11,36,41,1986.00
1013993898,1164408399,T1015,2020-02,23,25,1985.14
1366920621,1306152145,D1110,2023-10,22,22,1980.00
1821517681,1952885337,90834,2024-05,23,30,1969.21
1700051075,1700051075,99212,2021-09,40,50,1968.33
1366446254,1366446254,A0425,2020-06,34,54,1944.36
1487039137,1891073979,97110,2019-10,21,66,1944.01
1114255080,1548459662,D1208,2021-04,132,136,1908.06
1003263534,1548306335,97112,2021-09,19,75,1867.60
1265499628,1811108566,99393,2018-03,31,31,1864.18
1437122009,1437122009,J2930,2023-03,12,28,1864.14
1003986704,1265479620,99214,2020-01,17,28,1858.95
1053350454,1932595626,74177,2024-04,29,32,1853.90
1548288160,1508846007,99392,2021-12,23,23,1848.68
1821577701,1942593355,T1002,2020-10,12,25,1848.00
1770044208,1770044208,99203,2024-07,18,18,1832.40
1225071459,1891894838,99284,2020-08,22,30,1830.75
1689840852,1942620059,99391,2024-09,19,19,1827.82
1609000769,1205246329,99213,2022-02,43,46,1823.14
1649270257,1649270257,99281,2018-06,58,62,1819.50
1821033903,1821033903,A0100,2020-03,16,75,1815.00
1851660732,1013427095,D1120,2024-08,33,33,1815.00
1811025075,1811025075,92507,2022-11,78,264,1804.66
1689009854,1932356219,99213,2020-08,20,26,1802.93
1942296033,1538125760,99214,2023-01,21,34,1791.79
1790871994,1659878254,99213,2022-03,45,47,1782.44
1720017528,1184008278,99213,2021-03,17,17,1777.57
1316304637,1316304637,99214,2022-03,33,34,1771.38
1205928587,1790966356,99460,2020-11,19,25,1766.60
1205874930,1801274212,74177,2023-10,27,27,1746.46
1952890873,1952890873,70450,2018-12,13,20,1738.84
1568415412,1245221928,99203,2019-05,15,15,1724.41
1134178999,1740535343,99213,2019-06,30,32,1719.79
1477506343,1164070413,99204,2021-09,15,22,1719.55
1811091408,1811091408,88305,2019-03,51,56,1717.60
1992914451,1467679233,D0150,2021-11,26,26,1716.00
1184614711,1184614711,93010,2020-02,179,218,1712.63
1487705281,1508850991,99213,2020-03,24,26,1706.08
1619987302,1558388447,99251,2019-09,19,23,1684.16
1487248050,1356473144,99284,2023-08,13,13,1682.86
1184779332,1336587401,99284,2019-03,20,20,1681.66
1467476143,1467476143,99214,2020-04,36,36,1680.21
1356476865,1538247754,D0330,2023-06,56,56,1680.00
1780625871,1700049574,99284,2024-01,36,36,1667.37
1316150964,1245501741,D2954,2020-03,22,26,1653.75
1710983952,1710983952,99392,2019-07,18,18,1649.16
1609008176,1073834693,99232,2021-07,42,101,1640.00
1265485270,1609362417,99213,2024-02,25,26,1638.67
1255470076,1457309007,99213,2018-07,21,23,1635.39
1356538516,1356538516,11721,2019-03,119,120,1607.73
1063574135,1578996625,99214,2023-07,26,26,1602.54
1316452840,1184027773,D0274,2021-03,46,47,1593.42
1194099390,1841605433,99214,2024-01,28,28,1590.16
1699780536,1417016155,99213,2019-01,44,51,1560.52
1295821296,1609871227,76830,2022-10,23,23,1540.31
1962888016,1962888016,82306,2023-11,80,81,1539.77
1720404353,1720404353,97140,2022-10,29,82,1533.44
1558428789,1316407810,G0480,2022-06,17,26,1527.75
1932145778,1932145778,86850,2018-12,347,349,1511.24
1396779153,1629456678,99284,2023-06,21,22,1505.72
1063941292,1063941292,99284,2022-06,12,20,1504.70
1114321643,1053349472,D0120,2019-12,85,87,1494.00
1467559179,1902862865,99238,2019-08,48,48,1490.84
1700804689,1043231814,82805,2024-01,82,171,1479.66
1992706097,1730262114,99285,2020-11,16,20,1476.39
1780770453,1780770453,99215,2018-01,20,25,1468.43
1174677579,1174677579,D0120,2023-01,53,53,1460.15
1497040497,1497040497,D1206,2019-01,45,45,1440.00
1538501333,1568772291,H0032,2022-02,23,27,1432.42
1770583999,1770583999,70486,2024-07,12,13,1425.60
1548393127,1548393127,99284,2019-04,12,12,1423.42
1649360967,1881970515,99214,2019-09,15,27,1413.42
1740220698,1518109610,99393,2024-10,16,16,1411.66
1134274897,1134274897,74018,2024-03,14,16,1408.00
1821150236,1275878035,H0031,2022-08,17,17,1406.78
1023546082,1619980547,99391,2023-05,16,16,1403.41
1932590338,1497189518,90792,2021-09,13,16,1394.09
1487742276,1487742276,D0274,2022-06,74,74,1391.12
1609123884,1801478193,99391,2024-12,19,19,1389.69
1760543557,1760543557,99394,2018-08,17,17,1385.92
1770573586,1306279864,74022,2021-11,26,26,1378.80
1689869893,1700365111,99222,2020-10,18,21,1378.53
1114607611,1881037158,99285,2024-02,14,14,1377.47
1912970823,1912970823,99285,2021-04,17,17,1375.98
1316167661,1013126283,D1110,2019-07,32,62,1375.75
1245212570,1245212570,99213,2023-02,27,30,1372.70
1619939691,1619939691,G0442,2019-02,71,71,1369.50
1558759571,1073607636,77063,2023-06,45,46,1357.84
1568586386,1568586386,D1120,2019-05,34,34,1353.00
1124248752,1114123403,99223,2020-02,18,18,1346.77
1255755823,1043338924,76805,2018-09,31,31,1318.51
1699769901,1750327938,G0463,2024-01,15,15,1316.22
1821143777,1821143777,87340,2020-08,82,83,1313.63
1225364607,1346351624,D0120,2020-09,55,55,1312.48
1790762755,1245899897,D4341,2022-05,23,36,1305.72
1568034833,1568034833,T4535,2024-05,22,22,1302.10
1194964379,1780647172,99285,2018-06,17,19,1297.88
1154636066,1932105210,93306,2018-07,30,34,1286.88
1306217971,1477606564,76820,2024-01,27,37,1280.50
1790919041,1174580401,99285,2021-02,29,40,1278.95
1083724868,1083724868,E0260,2024-09,44,57,1276.47
1780731414,1780731414,90460,2018-11,45,47,1272.09
1649327750,1558350496,99214,2022-02,19,24,1270.55
1114162492,1235132796,99392,2021-10,31,31,1268.48
1003836446,1003836446,99233,2018-04,21,36,1261.80
1427338235,1427338235,99214,2023-08,30,30,1260.71
1790712537,1205866357,99214,2021-10,13,13,1257.71
1376654103,1376654103,99213,2023-11,22,26,1250.87
1386962363,1336449719,99214,2024-06,12,12,1247.92
1992893416,1992893416,84703,2019-06,13,17,1247.40
1487603585,1487603585,93308,2021-10,13,14,1244.46
1710020623,1902872203,99232,2021-09,18,41,1241.25
1841523164,1760867246,92250,2023-06,20,20,1236.26
1669915047,1649794801,S0209,2019-04,17,197,1234.18
1760489470,1912914466,99283,2018-01,17,19,1233.91
1164490843,1922007996,43239,2020-09,12,12,1231.62
1316326002,1144209560,99203,2021-10,12,12,1226.72
1811944457,1689835183,90472,2023-10,33,33,1224.79
1295783389,1598025199,97110,2024-07,26,99,1217.40
1447789250,1952629826,87804,2023-11,54,132,1213.28
1558520346,1679657803,90834,2018-09,18,37,1210.30
1891960480,1891960480,D0274,2021-03,56,56,1209.60
1215264817,1710355615,99285,2018-03,19,21,1208.49
1831761857,1366975336,99394,2023-07,13,13,1201.20
1578516803,1497725295,99213,2022-07,59,69,1198.50
1871572032,1295938090,H1000,2021-12,12,14,1190.44
1265719660,1265719660,97530,2023-05,27,53,1184.62
1407897309,A302139400,S0281,2020-10,52,52,1179.88
1568407310,1467562108,99284,2018-03,19,28,1178.30
1699331421,1700875671,D0220,2020-07,89,93,1177.38
1942364054,1104113471,87637,2024-03,19,22,1173.20
1558657890,1467548735,99238,2020-09,25,31,1173.00
1487904546,1487904546,97112,2022-10,45,71,1172.54
1629493135,1225434558,99213,2019-08,24,25,1171.85
1689148108,1366971699,T1015,2024-05,17,17,1165.54
1619153251,1194133223,99285,2020-04,13,13,1162.70
1295186286,1083862122,99204,2024-08,17,18,1161.95
1023379815,1851833834,87426,2022-01,68,69,1160.30
1275106858,1942949821,D0330,2024-10,19,19,1156.50
1518951995,1912278649,97140,2021-06,14,47,1148.70
1235350901,1356472849,99392,2023-01,14,14,1147.24
1407854771,1407854771,96375,2023-02,554,1150,1135.26
1073556767,1689605594,99283,2022-03,24,28,1119.77
1174698385,1972561231,99213,2022-11,21,22,1119.73
1477837771,1285747873,87660,2024-02,61,63,1107.03
1568787448,1598742652,99214,2022-11,22,28,1105.24
1235401514,1477501088,V2100,2023-10,54,54,1104.00
1144556333,1497164354,99214,2023-11,19,19,1102.09
1902263791,1356864706,97110,2020-08,21,72,1100.58
1962519124,1962519124,99213,2021-03,31,46,1098.68
1518385103,1518385103,T1002,2020-09,60,60,1097.74
1013036326,1255441465,99202,2022-09,18,18,1094.40
1538468608,1538468608,71046,2022-10,30,31,1091.48
1992939565,1558365320,99203,2020-12,18,18,1089.45
1811973100,1841296258,87804,2022-08,36,57,1088.13
1104202761,1265791867,99213,2019-03,19,28,1080.19
1174727820,1972604189,99213,2023-05,15,16,1076.33
1750482022,1750482022,82397,2018-12,28,29,1063.38
1962461889,1306037759,70491,2023-05,16,17,1044.56
1942749387,1942749387,87186,2023-08,76,95,1032.28
1083039200,1831437789,70450,2023-05,49,50,1031.31
1245300714,1710916309,D9248,2023-09,14,14,1029.40
1164498267,1164498267,A7035,2018-08,18,19,1027.67
1821153180,1033347729,S0302,2023-11,113,113,1025.47
1295098747,1013209329,99213,2024-02,33,44,1021.65
1508804949,1346204914,20610,2019-07,34,35,1012.34
1194733360,1497704332,99285,2018-06,14,17,1009.34
1659501302,1760409460,99214,2020-02,12,12,1007.17
1346521796,1346521796,99285,2018-03,16,16,1002.97
1801029590,1861525818,D0210,2022-11,15,18,996.68
1518100015,1679658736,77002,2024-06,12,13,991.67
1992723829,1023220381,77067,2019-06,42,42,990.18
1821271727,1760894661,70551,2021-12,12,13,987.14
1376910265,1376910265,V2020,2024-05,50,51,982.96
1700474608,1851636641,88342,2024-05,33,34,979.01
1528108081,1528108081,98941,2019-04,20,48,976.13
1063904100,1376559393,D0330,2024-09,19,19,972.68
1205240025,1124167879,99213,2024-03,20,24,965.55
1225466980,1588732267,99214,2022-04,17,21,965.26
1376623538,1821439514,77067,2021-12,29,29,948.93
1841364841,1841364841,99214,2020-01,49,74,935.89
1558723791,1558723791,99457,2022-04,20,20,934.60
1417139817,1619190915,92250,2022-06,21,21,934.50
1720051717,1821009630,99214,2022-09,18,18,927.79
1790831600,1790831600,H0004,2019-08,33,49,927.63
1417912114,1477532497,92014,2022-02,30,40,923.89
1780823237,1982650750,99214,2023-10,24,27,919.16
1205829140,1205829140,87040,2019-09,66,80,918.00
1609881077,1437148855,99214,2022-06,24,27,915.05
1851865349,1811473770,D0150,2022-06,30,30,913.00
1366419517,1912443003,Z7502,2020-07,26,27,905.98
1144211301,1801335443,99213,2023-09,21,22,904.73
1699759175,1699759175,D0272,2018-06,40,42,895.00
1770858797,1770858797,86328,2020-11,46,47,893.00
1114206604,1053544791,99214,2022-08,22,22,889.75
1609846088,1609846088,93971,2021-01,13,13,885.86
1811973100,1285167759,99213,2021-12,21,26,881.82
1891265831,1770607525,D0150,2023-09,21,22,881.00
1821325499,1851870661,99213,2022-01,22,46,873.51
1831218627,1053638981,71046,2021-12,88,95,872.61
1871589333,1154400539,99214,2022-03,22,23,868.27
1528235223,1710042478,D0120,2019-04,36,36,864.00
1053358846,1144731498,99214,2024-09,18,20,863.41
1295874436,1619065190,99407,2020-06,95,130,849.30
1265418669,1265418669,86901,2019-12,97,106,834.10
1295862944,1962437616,99214,2021-11,12,13,833.40
1952822827,1952822827,D1120,2018-09,22,24,824.94
1154317527,1386672970,93304,2018-06,24,26,817.76
1164017364,1245892082,D0220,2022-05,88,89,813.88
1568445146,1568445146,99213,2018-10,51,51,805.50
1366866345,1366866345,96374,2023-06,91,95,804.28
1275580318,1831656230,99212,2022-02,30,43,801.82
1952903536,1063964666,99283,2022-06,18,21,800.40
1205106648,1205106648,V2104,2021-10,56,67,795.00
1003822453,1346321197,83013,2022-05,13,16,794.04
1992323257,1508144510,D1208,2023-05,55,55,793.80
1275512063,1992783286,90686,2019-10,56,60,792.88
1609830173,1609830173,72100,2024-04,27,28,792.69
1184703829,1982626222,88307,2018-10,13,17,792.28
1841833548,1508057365,99214,2022-11,14,14,782.80
1548339617,1548339617,D0120,2018-10,32,32,780.80
1689763740,1306143722,99213,2018-04,16,22,776.64
1356503114,1437578317,99223,2019-11,13,15,773.95
1366424111,1679990030,99285,2018-03,22,23,771.32
1285664763,1609128594,99214,2022-01,13,13,766.48
1851317515,1689839771,92508,2018-02,27,75,764.50
1245253160,1124099353,90670,2018-09,20,24,764.44
1053594416,1053594416,D0274,2023-11,19,19,764.16
1104005594,1720074198,0071A,2021-11,19,24,760.00
1255645644,1255645644,96374,2022-03,25,29,758.42
1134347552,1487116513,D1110,2023-04,16,16,756.64
1023237518,1700166881,99214,2023-02,13,13,756.45
1508187329,1508187329,96372,2019-10,41,42,747.79
1568413920,1528762820,87811,2023-09,20,20,744.80
1982127015,1982127015,92004,2021-04,28,28,739.35
1962587063,1962587063,D0150,2024-04,13,13,732.42
1124231659,1124231659,D0210,2022-12,13,15,720.00
1588841993,1538257290,D1999,2023-01,35,36,720.00
1538151428,1023075488,99213,2018-04,15,20,718.53
1497148456,1861658379,76770,2020-09,14,14,710.75
1265820179,1265820179,80048,2023-06,219,276,705.95
1245772870,1518902287,99283,2021-06,12,12,704.76
1619232956,1780974303,99233,2019-05,16,28,699.94
1013395615,1124574231,99308,2019-02,43,61,697.77
1760410229,1184625105,99283,2019-03,17,17,694.72
1710176177,1710176177,84443,2018-01,37,37,694.19
1578560504,1285016519,87637,2024-08,12,12,688.45
1336222397,1336222397,90837,2019-10,233,290,686.14
1265877567,1265877567,93005,2019-08,25,29,684.94
1568413920,1053763896,99213,2019-11,14,14,680.48
1306870654,1093794794,99213,2024-03,13,13,666.48
1861763005,1689823411,77067,2020-02,16,16,663.24
1043394745,1225000268,99211,2023-06,21,25,662.58
1689747826,1366849515,98941,2021-04,24,54,659.92
1396053096,1083860209,99283,2020-11,13,13,659.34
1679010755,1447257050,D0120,2019-09,44,47,657.96
1801857172,1801857172,86900,2020-07,65,67,655.80
1184786527,1295848430,90472,2022-09,16,18,650.00
1770587149,1710984893,99213,2021-08,19,20,647.01
1023049236,1023049236,86780,2023-10,53,53,643.84
1972549855,1366541336,99282,2018-05,15,15,641.27
1851809008,1851809008,82274,2024-04,42,44,641.01
1326078049,1326078049,88142,2020-08,34,34,639.54
1518986777,1639847379,H2019,2022-09,13,19,638.40
1598906455,1437380292,99212,2024-02,14,14,633.98
1306881750,1306881750,E0434,2019-01,25,26,633.92
1295832582,1346346491,99214,2019-03,13,17,631.18
1477578144,1477578144,70551,2018-04,14,15,630.42
1407848443,1144328535,76816,2020-06,25,26,630.32
1194989756,1194989756,D1208,2023-03,22,22,625.24
1043347396,1639312291,D0210,2022-06,18,48,624.00
1205923596,1568663227,71260,2024-04,14,16,620.73
1801929757,1639355670,93010,2018-03,12,12,618.40
1952307852,1952307852,87653,2023-04,34,34,616.57
1538345855,1396272878,99283,2021-04,15,15,614.57
1033110788,1033110788,94375,2021-07,92,107,613.36
1508942319,1508942319,72125,2020-09,19,20,609.69
1831178755,1871751057,90674,2018-10,28,29,608.17
1144305061,1144305061,V2020,2023-07,38,45,606.00
1205975380,1902141419,99214,2019-10,17,17,605.09
1043499940,1043499940,99213,2020-07,25,25,604.00
1598054330,1316203938,87880,2018-01,44,44,598.40
1477876639,1831634997,99282,2021-06,19,19,592.67
1457490658,1457490658,V5008,2021-12,58,60,588.98
1316598006,1487892329,D1120,2021-12,17,17,588.00
1205822236,1033578208,95004,2018-07,19,27,586.81
1518945187,1467733253,D1208,2021-09,28,28,582.12
1700817756,1700817756,J2405,2024-03,90,110,581.50
1902083876,1003941899,D0272,2018-07,34,37,580.47
1043284714,1043284714,90472,2020-08,28,36,578.84
1053300046,1053300046,D0274,2021-01,28,28,575.34
1750704680,1750704680,96372,2023-08,60,82,546.62
1558474742,1144322298,99213,2018-08,19,28,545.64
1003378183,1871908855,D0150,2020-07,13,13,544.00
1720083769,1255854931,99214,2023-01,13,13,543.50
1912956046,1902884919,99213,2019-04,13,13,537.19
1942514435,1255330759,90698,2019-02,24,24,533.11
1942397880,1144283946,71046,2018-03,27,28,525.92
1952471542,1699972802,99213,2018-05,109,116,525.60
1245326289,1508809294,99213,2019-03,12,12,523.32
1902800352,1902800352,73630,2024-05,12,12,522.10
1568461572,1053368258,J3490,2022-02,53,68,519.12
1609842152,1609842152,92551,2024-08,55,55,515.90
1184788291,1457453177,99213,2018-12,42,47,515.50
1164433884,1265841092,90960,2022-12,20,20,511.76
1790997971,1790997971,98943,2019-06,19,33,507.90
1649563636,1023017357,92499,2018-10,14,14,504.39
1104866953,1649653353,92004,2022-02,16,16,503.10
1912089442,1912089442,92004,2018-06,14,14,497.00
1245228105,1245228105,77065,2018-02,12,13,496.86
1417012865,1417012865,D1110,2019-11,15,19,494.85
1316036353,1538344585,90715,2019-11,16,16,492.90
1134307531,1285862375,95938,2022-04,24,28,482.93
1184810525,1467861484,92340,2021-11,24,25,480.00
1336137629,1902804990,99213,2024-08,15,15,475.51
1659609485,1992184667,D1206,2021-08,28,28,473.20
1306858402,1306858402,E0431,2018-08,49,49,467.02
1942800776,1942800776,D0274,2021-09,21,22,464.64
1871713495,1871713495,83655,2022-10,40,41,462.40
1962796177,1780622563,99283,2019-02,15,15,462.15
1700828597,1619195864,99213,2023-11,15,15,460.24
1902881477,1588630362,99213,2022-10,12,12,458.85
1558983635,1558983635,97530,2023-04,33,75,456.25
1699881144,1669469664,99214,2019-11,12,12,452.40
1437638350,1114706173,D0274,2024-03,15,15,449.93
1205946563,1205946563,A7031,2023-07,21,28,446.33
1245302017,1245302017,D0220,2018-05,20,20,445.80
1326485749,1932696648,96372,2022-10,29,29,440.18
1205822236,1255679064,71260,2023-04,14,14,438.12
1013496991,1013496991,93010,2019-11,22,24,435.32
1902073620,1033776497,99213,2020-12,14,15,432.74
1548369317,1548369317,90686,2018-01,16,30,424.99
1477554814,1750867248,99214,2024-03,15,15,422.47
1346342466,1164427696,92340,2024-08,21,21,420.00
1568461572,1639495385,85025,2023-03,75,83,419.58
1205906229,1033187133,90935,2018-11,15,22,408.56
1154564649,1629057658,90686,2020-11,20,20,404.82
1518998103,1518998103,V2020,2019-01,34,34,403.92
1326364100,1780384446,87811,2024-03,15,15,403.20
1134211469,1134211469,D0272,2019-05,23,23,400.89
1598875460,1598875460,83970,2022-09,31,40,400.02
1275577033,1275577033,76700,2024-05,17,17,392.84
1144253048,1144253048,99213,2022-01,13,13,389.67
1962857417,1700294238,87428,2023-10,14,16,387.05
1700408093,1134433931,99214,2023-06,22,24,385.85
1447690276,1578700639,D9230,2021-06,13,15,379.54
1801828421,1851335723,99214,2020-01,12,12,374.99
1508843566,1336482322,85025,2020-10,51,54,372.22
1497787535,1982120218,D0220,2019-12,19,31,372.00
1871531772,1558333260,76770,2020-01,16,16,370.70
1265598213,1982085650,D1208,2020-07,28,28,368.00
1023159217,1851610901,D0220,2021-07,30,30,364.41
1700994845,1700994845,97530,2018-04,13,19,363.04
1710218409,1033353982,99213,2022-10,29,49,353.68
1619105244,1356312128,99309,2021-01,12,14,349.89
1346299153,1942283858,76817,2022-03,13,13,348.18
1306195920,1306195920,88304,2024-10,20,20,347.17
1497270680,1649438193,99232,2024-04,15,56,345.68
1669882940,1669571642,96374,2022-11,15,22,344.24
1548293343,1548293343,83020,2022-05,29,31,344.12
1932187044,1891215679,84439,2024-02,32,33,343.16
1205923802,1083094551,D0274,2021-10,12,12,342.15
1275665457,1831582790,99050,2020-11,20,56,337.12
1750329074,1750329074,85379,2020-07,45,89,333.75
1770581985,1770581985,87276,2023-03,20,28,330.51
1508297342,1396992699,D0140,2022-09,12,12,329.89
1134452865,1831592161,96372,2018-09,19,21,325.20
1770527590,1770527590,E0562,2019-05,41,45,318.75
1861450579,1003800988,99211,2020-07,22,23,318.14
1295822658,1043422520,D1120,2023-06,14,14,315.00
1215394036,1932153731,76815,2023-06,17,17,310.60
1043242555,1366519100,92015,2021-05,25,25,304.00
1770104606,1548656937,99213,2022-10,18,18,303.99
1578584678,1972990604,77065,2022-07,12,12,303.89
1922053107,1922053107,80048,2021-03,43,54,303.08
1699331421,1003395906,D1354,2020-12,19,52,301.27
1760413777,1073506192,99283,2018-11,15,15,300.81
1417061474,1417061474,80053,2021-10,26,30,297.10
1154307593,1154307593,82962,2020-08,37,44,289.64
1922090554,1922090554,88342,2020-02,46,47,288.72
1144451899,1144451899,D0120,2018-03,17,17,282.50
1346284684,1346284684,99188,2020-06,41,41,281.71
1558311811,1558311811,88304,2023-07,24,24,276.93
1609811538,1619119625,87088,2023-10,18,19,273.50
1770109506,1770109506,D0140,2022-07,14,14,267.68
1649605403,1649605403,84450,2024-12,135,143,266.71
1043288293,1841304805,95117,2019-02,16,31,266.50
1740345388,1740345388,V2784,2019-04,20,20,260.00
1003227893,1467075440,99214,2022-11,13,13,257.55
1457302010,1992979454,96110,2020-07,12,25,257.48
1023055191,1376656892,85025,2023-01,17,20,255.60
1740380971,1295179836,87880,2023-11,14,15,250.05
1184790032,1255423273,72125,2018-01,12,14,248.28
1841619731,1013069699,80363,2022-01,32,32,246.73
1821011248,1023495330,C9803,2021-07,20,25,246.61
1700850625,1700850625,99214,2023-06,19,20,246.47
1013443217,1578120416,D1120,2021-12,16,16,242.00
1457344558,1396736989,D1206,2018-11,13,17,240.00
1063737765,1356338222,80347,2019-03,14,37,233.19
1366510901,1548309677,D1208,2023-11,17,17,233.00
1376719666,1386677680,71045,2018-12,31,31,232.36
1841344611,1609373752,H0048,2021-05,15,17,231.68
1104008481,1023083854,86780,2018-02,19,19,231.54
1659323772,1427510999,87070,2024-02,13,14,229.80
1316047632,1568689396,87660,2021-09,12,12,228.60
1346571809,1275186702,D0220,2022-06,19,19,228.00
1053538421,1053538421,G0467,2020-08,25,26,224.59
1093740128,1023549862,J3490,2018-03,18,22,223.69
1003991845,1225272651,87491,2021-04,15,15,222.46
1437447695,1174519094,V2020,2022-06,16,16,222.42
1053360651,1689850620,80053,2018-08,20,29,221.60
1013220151,1235196460,83690,2023-11,39,40,219.90
1881666998,1891753497,71046,2019-05,21,22,217.91
1982689113,1962489567,99213,2019-08,17,19,216.21
1487794350,1710184437,71046,2019-11,47,47,205.15
1720194053,1891795316,80061,2022-06,17,17,204.64
1225032881,1245292341,85025,2018-01,28,50,200.10
1184082745,1073756706,87880,2020-02,13,15,199.13
1659424992,1659424992,A4617,2023-04,63,66,196.70
1396808309,1467680652,99211,2018-05,27,36,196.04
1619913449,1619913449,86301,2020-05,51,68,193.60
1679576557,1679576557,E0431,2019-02,20,22,193.17
1700274727,1609019785,84165,2022-03,41,42,192.49
1861478489,1275522179,71046,2019-12,24,24,191.82
1912331653,1780811844,93015,2024-06,21,21,191.82
1427049931,1811191661,76705,2023-12,12,13,190.68
1538208038,1538208038,99211,2021-12,15,17,190.58
1700977105,1922186873,86762,2020-04,13,14,190.00
1346557014,1659536795,90674,2018-01,25,25,189.63
1417084708,1750517389,D0220,2023-02,18,34,186.84
1386688414,1386688414,A4371,2022-08,86,89,183.27
1639646680,1134310592,D0272,2020-07,13,13,180.07
1689695934,1306871710,85025,2022-11,98,140,178.40
1386175164,1386175164,81001,2019-08,12,12,175.02
1962046458,1508878612,92015,2022-11,40,43,174.50
1154905693,1154905693,84439,2024-09,19,20,173.70
1508883422,1134109663,0001A,2021-02,36,36,173.44
1104982917,1104982917,C1894,2021-06,64,67,172.81
1376088930,1669817219,90688,2022-10,15,15,171.54
1982697678,1982697678,83735,2021-07,45,50,171.44
1043262488,1437122884,87070,2021-05,14,15,169.54
1932156114,1790061794,83036,2019-03,16,16,167.86
1952347981,1700971082,92014,2018-07,17,17,165.93
1306383252,1306383252,D0220,2020-01,25,26,164.19
1942422035,1386945350,99308,2018-06,18,37,163.36
1538130091,1538130091,D0230,2024-10,25,25,163.33
1265468946,1265468946,87077,2023-10,29,29,160.92
1750387999,1508864786,71045,2023-07,18,20,160.52
1316970932,1821075367,84443,2019-10,104,107,160.06
1700870938,1700870938,84100,2018-03,34,81,159.15
1801139175,1316108038,92134,2023-06,82,87,159.10
1457366189,1770578817,85025,2019-04,36,40,159.03
1982777140,1356406169,96127,2023-05,27,28,157.96
1730459439,1295052116,92015,2022-11,15,15,157.64
1720205768,1720205768,99213,2019-09,145,170,152.76
1205189941,1386740231,93010,2019-11,29,30,151.36
1134535149,1164881116,D0230,2024-01,12,15,148.03
1831268580,1184772576,G8510,2022-08,12,13,144.76
1003326893,1073516324,V2784,2023-05,13,13,144.00
1356339543,1356339543,82962,2024-02,24,37,144.00
1417027095,1588958540,90670,2022-06,14,19,144.00
1134104672,1134104672,93005,2018-09,231,281,142.40
1932249596,1134534308,99213,2020-09,103,177,141.80
1538300488,1538300488,90681,2024-05,15,15,135.00
1104917780,1750493177,84484,2022-08,14,14,134.76
1851362503,1093786360,85025,2018-07,17,18,134.12
1538606181,1184893067,81025,2022-02,22,22,132.66
1306120662,1306120662,E0776,2019-09,39,44,131.51
1225324932,1427370733,99213,2018-01,29,36,129.60
1215978184,1619111234,74018,2019-03,14,14,129.23
1134277494,1134277494,G0123,2023-02,26,26,127.89
1881679751,1881679751,87177,2023-12,21,28,127.85
1255331583,1255331583,92558,2018-10,127,139,127.14
1083661607,1407897093,96372,2023-09,80,105,124.26
1043361090,1699155937,96161,2021-06,14,15,123.09
1720250558,1821147372,D0220,2019-12,14,15,122.98
1366513509,1366513509,J2270,2023-10,25,27,121.99
1457468860,1871019992,D0220,2022-07,24,24,120.00
1043218944,1558473298,36415,2018-01,41,48,119.68
1477516466,1528321403,81001,2023-03,22,27,116.55
1538163886,1538163886,87880,2020-08,15,15,114.72
1205819414,1205819414,99305,2023-12,13,13,114.40
1700801909,1093827255,82947,2023-06,16,16,111.72
1396915021,1396915021,85730,2018-10,25,42,111.72
1740332931,1942236401,93005,2022-03,14,14,111.72
1083266761,1003862566,71045,2022-03,25,31,111.36
1356487318,1225366081,90472,2018-09,14,14,111.16
1669425716,1811134158,85025,2018-12,12,13,110.00
1336563832,1336563832,36415,2024-07,13,15,109.65
1831390004,1043200843,99238,2024-03,12,12,108.20
1932586476,1700290079,94640,2019-01,16,18,108.00
1508809427,1417235599,93010,2021-07,20,20,107.75
1225473382,1225473382,70450,2024-09,13,15,105.16
1619080660,1619080660,A7003,2023-06,24,24,101.20
1033172390,1710961529,82570,2024-01,30,33,101.20
1356366991,1710953005,71045,2021-05,20,20,100.30
1215981618,1366581118,99441,2021-01,24,24,99.55
1891882833,1043537376,81001,2020-12,23,24,94.09
1578597993,1578597993,96375,2020-01,32,45,93.54
1750471850,1952390858,96127,2024-05,19,20,93.44
1487811048,1558521682,99053,2019-12,16,16,93.08
1467442418,1720407125,J2405,2023-07,13,13,92.93
1275568479,1699735860,93010,2019-03,22,25,92.74
1144266024,1912934795,81025,2019-03,13,14,91.85
1639264575,1013276039,80076,2022-06,22,22,88.88
1285601088,1013082502,82550,2018-05,14,14,87.84
1780800128,1942443437,92551,2021-08,13,13,86.17
1932596848,1790021285,93010,2021-09,12,12,85.80
1376637264,1932171733,71046,2023-09,35,35,85.67
1942281266,1942281266,70450,2020-05,31,33,84.13
1124257530,1922003656,99308,2020-08,32,42,83.66
1053361642,1710986617,85025,2019-02,12,14,82.78
1124502687,1629572938,85025,2024-05,12,13,81.58
1114948288,1437259108,81001,2020-07,19,20,78.67
1235100546,1235100546,87205,2020-07,29,45,75.25
1073576740,1073576740,J3301,2018-02,55,68,74.70
1346265071,1184738361,93010,2021-08,18,19,74.42
1548374374,1548374374,D0230,2018-03,13,17,73.89
1134152986,1093163974,97112,2022-01,15,35,72.53
1629172994,1821008913,90680,2024-08,22,24,72.00
1508278177,1114387123,J1040,2019-09,12,16,71.96
1194372151,1366432593,96127,2023-04,13,14,71.89
1265549919,1073856506,81025,2020-01,12,16,70.20
1255302766,1255302766,83735,2019-02,130,185,64.70
1356405278,1699158204,81003,2019-10,16,50,63.54
1144266024,1932127305,84484,2018-02,16,28,61.39
1700949336,1700949336,73060,2018-09,20,20,60.78
1093705428,1699068395,36415,2019-03,47,55,58.20
1295098747,1699253401,80061,2022-05,12,13,57.49
1972542264,1710364492,93005,2019-10,19,19,55.82
1144513375,1407025497,81003,2022-01,22,29,55.20
1598916918,1780897785,Q3014,2022-06,22,23,55.07
1891766051,1598761231,J2250,2018-02,24,24,55.02
1669882940,1497912273,85025,2021-05,14,14,54.39
1255354700,1285668822,82947,2019-11,24,25,51.29
1689695934,1053563346,81025,2021-09,65,65,51.06
1083748297,1295190817,D1110,2019-11,19,19,51.00
1942387188,1093219321,99213,2022-09,16,19,51.00
1205176096,1437313764,99308,2020-12,33,74,49.66
1396913695,1639181530,92004,2020-03,16,16,49.29
1942252648,1801889274,36416,2019-06,22,27,49.29
1922163641,1265545347,82962,2022-02,29,30,48.60
1538533799,1568444875,81002,2022-04,16,16,48.02
1942387188,1801201389,99213,2019-12,67,113,48.00
1336144732,1336144732,86762,2023-06,15,17,46.64
1013042480,1619593423,81003,2024-03,14,20,44.00
1043292899,1912965575,96361,2018-03,14,14,42.62
1811955917,1669714226,36415,2023-03,19,25,41.76
1780800128,1043744121,96127,2023-11,21,22,41.70
1265485270,1861963738,36415,2024-11,20,20,39.65
1194706655,1194706655,87880,2021-06,69,72,38.79
1033350756,1033350756,99214,2022-06,12,12,37.93
1386740033,1164748042,99213,2018-09,23,24,37.48
1770587107,1114993656,36415,2018-01,29,29,37.29
1689635773,1992767487,87077,2023-04,22,23,36.83
1114932514,1881906022,90656,2024-09,49,50,36.80
1336578772,1720492796,81025,2022-11,14,14,36.68
1457447393,1174551964,99173,2023-07,12,13,36.36
1033824313,1730597253,D1330,2024-04,16,16,35.84
1417061011,1447797550,A7003,2021-12,12,14,35.49
1699755397,1104931260,82948,2022-02,12,13,35.23
1427046754,1295742138,99214,2022-08,51,71,34.40
1598315574,1598315574,84550,2020-12,24,24,33.85
1225047921,1225047921,81002,2024-11,13,13,33.80
1326320524,1760442321,96160,2020-07,71,73,33.72
1336222397,1255508594,90686,2021-03,20,20,33.04
1497205652,1659825073,D1206,2022-02,23,23,26.50
1992888283,1801083209,81002,2019-09,14,15,26.48
1033139647,1487820197,G8510,2020-10,33,33,25.68
1033646781,1487926671,36415,2021-11,14,21,25.44
1649518333,1053348870,81003,2021-03,14,14,24.65
1497095772,1093715484,99173,2022-06,13,18,23.04
1760573851,1760573851,11721,2018-05,24,24,21.00
1750704680,1750704680,J3301,2020-08,17,17,20.59
1558302570,1639589484,74018,2023-07,38,44,19.76
1922049014,1164694659,90471,2024-03,27,27,19.00
1700978558,1396972527,85025,2024-03,14,14,18.90
1639128820,1851329494,80053,2023-05,15,20,17.57
1346250396,1790705671,99173,2018-10,34,35,13.68
1609849074,1144300534,90471,2022-10,19,20,13.38
1841253374,1841253374,20610,2023-05,18,28,11.28
1740273994,1396320545,36415,2023-08,12,14,10.81
1053347344,1053347344,A5120,2018-07,16,16,10.12
1568429538,1053848788,3074F,2023-06,20,23,10.00
1427002153,1427002153,85651,2022-04,18,20,9.82
1740693555,1720308638,99213,2024-07,16,17,8.23
1639244478,1679538375,71045,2018-12,17,19,7.67
1053370627,1053370627,86140,2018-11,18,29,6.44
1043464589,1619273885,81003,2019-06,12,12,4.05
1861447179,1861447179,80320,2020-09,77,102,3.49
1700832185,1700832185,82962,2022-05,19,23,3.27
1114924834,1871512095,1159F,2022-08,95,98,3.00
1447556675,1447556675,A7003,2024-05,75,77,3.00
1568548782,1568548782,J2405,2024-01,92,108,2.80
1942526298,1508824228,84295,2018-11,14,40,2.16
1396714663,1982873972,J1885,2021-10,13,13,1.98
1114292141,1114292141,J2250,2019-09,18,20,1.76
1407243223,1639787245,1125F,2021-10,13,13,0.01
1669422234,1871947440,3074F,2021-05,33,35,0.00
1811944101,1578505483,96365,2019-05,15,23,0.00
1881632818,1134369416,93005,2022-07,19,28,0.00
1891778114,1609301340,99212,2020-12,200,217,0.00
1740450121,1518903640,36415,2022-02,38,39,0.00
1720029333,1033527296,A9270,2019-09,39,45,0.00
1407887003,1407887003,J0696,2022-02,56,63,0.00
1447391719,1457696312,90686,2023-10,15,18,0.00
1932249596,1487073839,J1380,2021-05,16,17,0.00
1306048632,1306048632,3079F,2023-06,94,100,0.00
1790156917,1396906152,90460,2021-12,47,55,0.00
1114221884,1184912776,3078F,2023-08,13,15,0.00
1093855736,1093855736,90472,2024-01,51,51,0.00
1053339507,1134176811,80048,2020-10,45,49,0.00
1902818883,1902818883,J1630,2022-03,24,28,0.00
1982815932,1982815932,90723,2018-08,12,12,0.00
1578612883,1720474026,3008F,2022-03,29,31,0.00
1699703686,1699703686,90832,2021-08,35,46,0.00
1841413879,1841413879,T1017,2023-05,29,30,0.00
1316371263,1982709465,99072,2021-12,162,186,0.00
1487291761,1861467631,3077F,2020-05,18,18,0.00
1003991506,1972891349,3079F,2019-10,108,127,0.00
1134128820,1841298031,3074F,2019-10,117,198,0.00
1265785232,1265785232,90670,2019-01,14,14,0.00
1215366133,1215366133,99308,2021-12,28,37,0.00
1902347438,1346597523,1159F,2021-02,61,64,0.00
1558852947,1609225853,90471,2022-03,49,51,0.00
1851920151,1811910359,99214,2021-01,41,48,0.00
1477590198,1598991671,87804,2018-03,12,12,0.00
1457413635,1932151271,99213,2020-05,19,67,0.00
1760877245,1073860680,90633,2020-07,13,13,0.00
1225020860,1225020860,1159F,2021-01,502,664,0.00
1285648154,1285648154,1159F,2021-05,21,23,0.00
1942276530,1942276530,1160F,2022-06,43,43,0.00
1215281233,1700041837,99283,2022-01,14,14,0.00
1114196557,1821120650,90651,2024-07,40,41,0.00
1275647752,1013368372,G0467,2024-02,18,19,0.00
1669493466,1669493466,99211,2019-12,19,21,0.00
1316314230,1104042365,84520,2020-08,12,32,0.00
1225364060,1225120892,99214,2021-01,35,41,0.00
1013374222,1518256825,3078F,2024-07,15,20,0.00
1548303589,1386651230,99000,2019-09,13,13,0.00
1710956776,1710956776,1159F,2024-01,65,66,0.00
1457399735,1457399735,97802,2024-01,23,23,0.00
1467454967,1558469437,99072,2021-07,91,101,0.00
1457382483,1457382483,77067,2024-10,16,16,0.00
1215935366,1811491194,80051,2022-01,15,17,0.00
1316167661,1134174675,96160,2024-06,36,37,0.00
1639785934,1669211256,D0210,2024-10,12,12,0.00
1578709382,1205922135,G8754,2021-11,15,21,0.00
1760877245,1760877245,90651,2022-01,21,21,0.00
1437776531,1437776531,D0272,2021-09,14,14,0.00
1942828827,1942828827,D0220,2024-06,66,67,0.00
1316929128,1013967066,1036F,2018-08,13,15,0.00
1578969465,1780030981,3725F,2024-08,32,74,0.00
1659309615,1376728444,3074F,2024-11,12,12,0.00
1457397994,1457397994,90680,2019-11,25,25,0.00
1962479667,1962479667,G0152,2020-01,13,59,0.00
1154662369,1679067045,D1999,2023-12,84,91,0.00
1144760943,1265857049,90791,2021-11,19,20,0.00
1003095464,1558685537,99392,2018-01,15,15,0.00
1194323717,1689214819,G0469,2022-12,21,25,0.00
1023028784,1568012961,36416,2023-02,15,15,0.00
1447281936,1093179921,99214,2022-11,46,49,0.00
1528478211,1538230438,83036,2024-02,14,14,0.00
1871556217,1871556217,96361,2021-01,53,84,0.00
1154751931,1376589291,90723,2021-01,12,13,0.00
1396108403,1831717735,G9920,2022-06,13,14,0.00
1184197683,1184197683,73502,2020-05,12,12,0.00
1285712471,1710946934,Z7500,2023-09,129,134,0.00
1730559444,1134168800,G1004,2021-11,27,32,0.00
1033593108,1831750306,99212,2023-04,17,24,0.00
1558466714,1558466714,85041,2019-12,19,19,0.00
1669510434,1669510434,T1019,2023-05,23,231,0.00
1790177582,1457433237,90471,2022-12,12,19,0.00
1194919993,1063687838,1160F,2022-08,12,16,0.00
1851821680,1689607053,3074F,2019-01,244,284,0.00
1982096772,1164772877,90461,2021-08,14,16,0.00
1659995116,1801277876,90472,2022-08,15,15,0.00
1023055126,1629223318,96374,2024-04,19,22,0.00
1881977346,1881977346,D1999,2021-04,31,32,0.00
1306938071,1922333244,96372,2021-08,16,19,0.00
1609123884,1063010106,90744,2022-04,23,24,0.00
1639346869,1639346869,G8752,2023-10,23,23,0.00
1205887023,1235185950,1036F,2020-08,21,22,0.00
1194811026,1275983488,D1330,2022-01,18,18,0.00
1508124488,1962724799,99213,2018-09,26,26,0.00
1093857377,1093857377,D0120,2021-11,12,13,0.00
1285712471,1659996700,90471,2024-02,42,67,0.00
1154317527,1598052185,90633,2022-06,13,13,0.00
1205844719,1750483475,99213,2018-08,48,62,0.00
1689606196,1720370109,82310,2022-03,14,21,0.00
1558302497,1558302497,1036F,2021-07,61,62,0.00
1043256886,1043256886,80373,2020-10,275,280,0.00
1467522284,1285156026,99213,2022-05,32,45,0.00
1306037411,1316501000,1159F,2024-04,12,13,0.00
1578535845,1629576244,3044F,2024-10,16,16,0.00
1740398890,1417918111,J1040,2020-04,20,31,0.00
1912939703,1912939703,J2001,2022-09,74,78,0.00
1447640024,1225083546,1036F,2022-03,36,38,0.00
1336135912,1376741322,82274,2020-10,13,13,0.00
1457385163,1679643688,90633,2020-11,13,13,0.00
1639138480,1902286503,1160F,2021-08,252,264,0.00
1487673448,1487673448,36907,2020-07,14,14,0.00
1003833179,1538165477,3074F,2022-02,17,17,0.00
1386886117,1568774289,81002,2024-03,15,15,0.00
1649235243,1073554515,G9637,2018-02,12,14,0.00
1871522169,1013907476,G8598,2018-08,29,35,0.00
1538176235,1487600698,3050F,2021-08,17,26,0.00
1124112933,1942220272,85018,2022-01,90,90,0.00
1447714357,1255911541,99214,2024-12,15,15,0.00
1184016941,1780884700,90698,2020-04,17,17,0.00
1043270150,1669465621,90633,2024-04,12,13,0.00
1386966422,1386966422,99214,2021-10,64,78,0.00
1912014358,1912014358,84703,2019-12,25,28,0.00
1831145648,1831145648,36415,2024-05,31,31,0.00
1104906569,1104906569,72110,2024-01,19,19,0.00
1326486861,1790772572,90700,2021-11,12,12,0.00
1194020453,1588866370,99490,2021-11,16,16,0.00
1679525919,1306494778,3074F,2022-10,17,17,0.00
1992151740,1750741963,99308,2019-10,20,33,0.00
1528379351,1376742460,90670,2019-04,16,16,0.00
1437336799,1437336799,D0272,2024-04,17,17,0.00
1275940611,1346290905,99072,2020-11,20,24,0.00
1386841419,1508595687,G9009,2024-05,12,17,0.00
1821090713,1720082498,1031F,2024-11,98,112,0.00
1003188160,1164505020,99394,2023-02,13,13,0.00
1154730828,1235287707,Z6204,2024-10,12,13,0.00
1104893700,1104893700,99214,2023-12,94,105,0.00
