0003A,2022-01
00104,2019-08
00170,2020-09
00170,2023-03
00731,2020-11
0240U,2024-04
0450,2020-10
0500F,2019-04
0502F,2022-04
1034F,2023-06
1036F,2018-12
1036F,2022-01
1036F,2024-11
11042,2019-11
1111F,2022-10
1123F,2024-09
1159F,2022-02
1159F,2023-11
1160F,2019-11
1160F,2024-05
1170F,2024-03
11721,2021-10
11750,2022-03
2000F,2021-02
2000F,2023-08
27096,2021-09
3008F,2018-11
3008F,2022-05
3008F,2023-12
3044F,2021-09
3074F,2020-03
3074F,2021-03
3074F,2021-07
3074F,2021-10
3074F,2023-12
3074F,2024-06
3075F,2023-08
3077F,2023-06
3078F,2019-08
3078F,2022-03
3078F,2024-09
3079F,2019-09
3079F,2019-12
3079F,2023-01
3079F,2023-09
31575,2022-01
3351F,2024-07
36415,2018-06
36415,2019-01
36415,2019-04
36415,2019-06
36415,2019-09
36415,2020-05
36415,2021-03
36415,2021-06
36415,2022-05
36415,2022-11
36415,2023-08
36415,2023-09
36415,2024-01
36415,2024-06
36416,2023-05
4004F,2021-08
42820,2018-01
43239,2018-04
43239,2022-10
43450,2021-11
46600,2022-10
59841,2020-08
66984,2020-10
67028,2020-08
68040,2018-11
69210,2019-05
69210,2023-08
70450,2023-05
70486,2019-05
70498,2020-01
70498,2023-09
70551,2018-03
70551,2024-01
71045,2018-02
71045,2018-05
71045,2019-03
71045,2022-09
71045,2023-02
71045,2024-01
71045,2024-05
71045,2024-06
71046,2018-02
71046,2018-08
71046,2021-12
71046,2022-08
71046,2023-07
71250,2024-08
71250,2024-10
72040,2018-02
72100,2019-11
72131,2022-07
73030,2019-08
73090,2023-06
73140,2023-05
73502,2019-07
73562,2023-02
73564,2020-09
73610,2020-10
73610,2021-04
73610,2023-07
73630,2023-06
74018,2018-04
74018,2021-08
74019,2019-01
74176,2018-06
74176,2019-09
74177,2022-01
74177,2022-10
76376,2024-04
76536,2024-08
76705,2021-10
76705,2024-11
76801,2018-11
76811,2021-08
76816,2018-01
76816,2020-03
76816,2021-03
76817,2018-05
76819,2024-02
76821,2024-10
76856,2020-07
76872,2024-02
77063,2021-11
77063,2023-04
77065,2021-01
77065,2022-10
77067,2018-07
77067,2019-03
77067,2021-05
77067,2021-08
77336,2021-02
78815,2020-10
78815,2022-08
78815,2024-09
80048,2020-12
80048,2021-12
80048,2022-08
80048,2024-07
80051,2024-03
80053,2019-09
80053,2020-07
80053,2021-10
80053,2022-01
80053,2022-05
80053,2022-06
80053,2024-10
80076,2023-07
80076,2023-11
80305,2018-07
80305,2022-02
80305,2022-03
80305,2024-03
80307,2021-09
80307,2022-12
80356,2019-06
81000,2021-09
81001,2019-07
81001,2021-09
81001,2023-03
81001,2023-07
81002,2019-01
81002,2020-02
81002,2022-09
81003,2019-11
81003,2023-10
81025,2019-02
81025,2019-12
81025,2022-07
81025,2023-10
81025,2023-11
81025,2024-09
82040,2022-11
82247,2023-08
82274,2023-02
82306,2024-01
82397,2020-07
82550,2021-03
82565,2018-05
82565,2024-08
82728,2020-09
82728,2021-05
82728,2021-09
82728,2024-02
82784,2022-06
82947,2021-11
82977,2020-12
83036,2022-10
83036,2024-05
83037,2023-08
83540,2018-07
83605,2023-10
83615,2020-08
83721,2018-10
83721,2023-04
83735,2019-10
83735,2022-05
83970,2024-04
84146,2019-10
84255,2021-10
84295,2020-07
84403,2018-07
84403,2022-03
84443,2021-10
84443,2022-05
84460,2019-09
84460,2020-08
84466,2020-07
84480,2024-04
84484,2018-06
84484,2022-01
84484,2024-09
84520,2018-09
84520,2019-12
84520,2021-07
84630,2022-01
85018,2020-10
85018,2020-11
85018,2021-09
85025,2019-02
85025,2020-10
85025,2024-08
85027,2019-05
85041,2020-09
85045,2020-02
85610,2018-04
85610,2020-01
85610,2022-11
85651,2021-03
85651,2023-09
85652,2020-11
85652,2024-05
86140,2021-04
86140,2022-08
86317,2020-09
86376,2019-12
86580,2018-10
86695,2018-04
86706,2024-06
86738,2018-08
86769,2022-11
86900,2024-05
86901,2020-03
86901,2020-04
86901,2023-12
87046,2023-01
87077,2024-04
87081,2024-05
87086,2023-07
87101,2024-09
87177,2018-02
87186,2020-10
87206,2023-01
87340,2023-02
87426,2024-01
87480,2023-11
87486,2020-12
87493,2018-01
87502,2024-10
87510,2023-11
87591,2020-11
87591,2021-11
87591,2024-06
87624,2022-05
87635,2022-12
87636,2024-04
87651,2023-03
87799,2022-04
87801,2020-10
87804,2018-02
87804,2019-02
87804,2023-01
87804,2023-07
87804,2024-01
87804,2024-02
87811,2022-01
87811,2023-03
87880,2018-02
87880,2019-12
87880,2021-01
87880,2021-09
87880,2021-12
87880,2022-11
87880,2024-05
87900,2022-02
88230,2019-08
88304,2020-12
88305,2021-01
88305,2021-09
88305,2023-06
88341,2021-06
88342,2019-10
90381,2024-10
90460,2020-09
90460,2021-09
90460,2022-01
90460,2023-02
90460,2023-03
90460,2024-09
90461,2020-07
90461,2023-03
90471,2019-12
90471,2021-09
90471,2023-10
90472,2020-02
90472,2022-04
90472,2022-09
90472,2022-12
90474,2023-12
90633,2018-07
90633,2018-11
90633,2022-01
90633,2024-02
90647,2018-09
90651,2021-11
90670,2018-07
90670,2019-10
90677,2024-10
90680,2018-04
90681,2019-04
90685,2020-12
90686,2018-10
90686,2019-10
90686,2020-11
90686,2021-10
90686,2023-11
90697,2023-06
90700,2020-12
90716,2023-07
90734,2018-07
90734,2022-07
90791,2023-01
90792,2021-01
90792,2022-08
90832,2019-08
90832,2021-07
90832,2021-10
90832,2021-11
90832,2022-12
90834,2018-10
90834,2021-09
90834,2023-03
90834,2024-04
90837,2018-07
90837,2018-10
90837,2019-08
90837,2020-01
90837,2021-03
90837,2021-10
90837,2021-12
90837,2022-05
90837,2022-09
90837,2023-04
90837,2024-01
90837,2024-03
90846,2020-06
90847,2018-03
90847,2022-01
90847,2022-12
90847,2023-12
90853,2019-07
90853,2020-12
90853,2023-02
90960,2020-11
90960,2021-12
90961,2020-04
92004,2018-07
92004,2019-01
92004,2019-12
92014,2018-10
92014,2019-12
92014,2020-12
92014,2021-06
92014,2023-03
92014,2023-05
92014,2023-10
92014,2024-06
92015,2018-06
92015,2021-02
92015,2021-10
92015,2022-04
92015,2022-07
92015,2023-05
92015,2024-12
92081,2024-03
92134,2019-08
92134,2019-12
92250,2023-08
92370,2022-02
92507,2019-04
92507,2019-06
92507,2022-03
92507,2023-06
92508,2021-10
92508,2022-08
92551,2018-07
92551,2020-07
92551,2024-07
92551,2024-08
92567,2018-05
92567,2021-06
92567,2021-11
92579,2018-04
92587,2023-12
93000,2019-07
93000,2022-09
93005,2019-06
93005,2019-11
93005,2020-09
93005,2021-07
93005,2021-08
93005,2021-12
93005,2023-11
93005,2024-03
93010,2018-09
93010,2023-08
93010,2023-09
93010,2023-11
93010,2024-07
93015,2018-09
93248,2024-07
93296,2019-03
93296,2021-05
93297,2019-03
93298,2018-10
93306,2019-04
93306,2020-10
93306,2020-12
93880,2024-09
93922,2020-08
94010,2023-03
94010,2024-10
94640,2019-06
94640,2022-08
94729,2022-08
94760,2020-05
95144,2018-02
95165,2020-05
95800,2021-11
95810,2021-01
96110,2022-04
96110,2022-12
96127,2019-09
96127,2020-02
96127,2020-07
96127,2020-08
96127,2021-02
96127,2022-04
96127,2023-03
96127,2023-08
96127,2023-11
96138,2024-10
96156,2024-11
96160,2021-02
96160,2021-06
96161,2019-07
96360,2022-06
96361,2021-08
96361,2021-12
96367,2019-06
96368,2019-05
96372,2018-04
96372,2021-03
96372,2021-10
96372,2022-02
96372,2023-03
96374,2019-04
96374,2019-11
96374,2020-06
96374,2021-11
96374,2021-12
96375,2021-04
96375,2023-05
96375,2023-07
96411,2018-09
97012,2019-05
97014,2024-05
97032,2023-01
97035,2019-04
97110,2018-04
97110,2018-07
97110,2019-11
97110,2022-04
97110,2024-06
97112,2019-04
97112,2021-12
97112,2023-04
97112,2024-01
97112,2024-10
97140,2019-02
97140,2022-03
97140,2023-04
97140,2023-07
97140,2023-11
97161,2022-02
97530,2022-04
97530,2022-11
97530,2023-03
97530,2024-01
97530,2024-02
97803,2019-07
97803,2022-07
98941,2021-03
99000,2021-02
99051,2019-06
99070,2023-01
99173,2018-10
99173,2019-11
99173,2020-10
99174,2023-05
99188,2020-11
99188,2021-09
99202,2019-05
99203,2019-07
99203,2019-08
99203,2022-08
99203,2022-11
99203,2024-02
99204,2019-03
99204,2020-07
99204,2020-09
99204,2021-02
99204,2023-04
99204,2023-11
99211,2022-05
99211,2022-06
99212,2018-02
99212,2018-11
99212,2018-12
99212,2019-06
99212,2019-09
99212,2020-05
99212,2021-07
99212,2021-10
99212,2022-03
99212,2023-04
99213,2018-01
99213,2018-02
99213,2018-03
99213,2018-04
99213,2018-05
99213,2018-06
99213,2018-10
99213,2018-11
99213,2019-01
99213,2019-04
99213,2019-05
99213,2019-06
99213,2019-07
99213,2019-08
99213,2019-09
99213,2019-10
99213,2020-02
99213,2020-04
99213,2020-12
99213,2021-02
99213,2021-04
99213,2021-05
99213,2021-09
99213,2021-10
99213,2021-12
99213,2022-03
99213,2022-04
99213,2022-11
99213,2023-05
99213,2023-08
99213,2023-10
99213,2024-01
99213,2024-02
99213,2024-05
99213,2024-09
99214,2018-01
99214,2018-05
99214,2018-09
99214,2018-10
99214,2018-12
99214,2019-02
99214,2019-05
99214,2019-08
99214,2019-09
99214,2019-11
99214,2020-01
99214,2020-04
99214,2020-07
99214,2020-09
99214,2020-10
99214,2021-01
99214,2021-02
99214,2021-03
99214,2021-04
99214,2021-06
99214,2021-07
99214,2021-08
99214,2021-09
99214,2021-10
99214,2021-11
99214,2021-12
99214,2022-01
99214,2022-02
99214,2022-05
99214,2022-06
99214,2022-07
99214,2022-08
99214,2022-09
99214,2022-10
99214,2022-11
99214,2022-12
99214,2023-06
99214,2023-08
99214,2023-10
99214,2023-12
99214,2024-02
99214,2024-04
99214,2024-05
99214,2024-06
99214,2024-10
99214,2024-11
99214,2024-12
99215,2021-09
99215,2023-05
99215,2023-10
99220,2018-09
99220,2020-10
99223,2019-10
99223,2021-07
99223,2023-09
99231,2019-05
99232,2018-02
99232,2018-05
99232,2019-05
99232,2020-05
99232,2022-05
99232,2023-08
99232,2023-09
99233,2022-04
99233,2022-08
99233,2023-11
99238,2018-07
99281,2020-03
99282,2018-06
99282,2021-08
99283,2018-03
99283,2018-12
99283,2019-10
99283,2020-05
99283,2020-08
99283,2022-05
99283,2022-11
99283,2023-12
99283,2024-02
99284,2018-01
99284,2019-01
99284,2019-04
99284,2019-08
99284,2019-10
99284,2020-04
99284,2020-05
99284,2020-10
99284,2022-04
99284,2022-05
99284,2022-08
99284,2023-11
99284,2024-04
99284,2024-06
99285,2018-04
99285,2019-04
99285,2019-07
99285,2020-01
99285,2022-02
99285,2022-07
99285,2023-01
99285,2023-07
99285,2023-12
99285,2024-05
99285,2024-10
99291,2022-02
99308,2019-02
99308,2019-04
99309,2023-09
99309,2024-05
99309,2024-07
99310,2022-03
99310,2022-11
99336,2022-10
99391,2018-09
99391,2021-08
99391,2021-12
99391,2024-11
99392,2019-05
99392,2019-10
99392,2022-03
99392,2023-09
99392,2024-03
99392,2024-09
99393,2022-02
99393,2022-05
99393,2022-09
99393,2023-01
99393,2024-01
99394,2018-07
99394,2018-12
99394,2020-08
99395,2022-01
99395,2022-08
99395,2022-11
99395,2024-01
99395,2024-07
99396,2019-03
99406,2018-07
99441,2021-10
99441,2022-01
99442,2020-08
99442,2020-09
99442,2021-12
99460,2019-12
99479,2021-03
99490,2019-12
99490,2023-07
99499,2020-08
99499,2021-10
99509,2019-04
A0090,2021-10
A0100,2019-09
A0120,2020-01
A0382,2021-04
A0425,2019-02
A0425,2020-06
A0425,2022-09
A0425,2024-10
A0426,2018-08
A0427,2019-09
A0427,2023-07
A0429,2019-05
A0429,2021-02
A0429,2022-08
A4259,2018-09
A4310,2018-08
A4402,2022-11
A4604,2018-11
A4604,2020-03
A4627,2023-08
A4927,2019-06
A4927,2021-10
A4927,2024-10
A5500,2020-01
A6402,2021-02
A7002,2023-02
A7003,2018-11
A7030,2018-09
A7030,2019-09
A7034,2021-07
A7037,2019-11
A7039,2021-02
A7521,2022-08
B4034,2021-01
C1894,2021-07
D0120,2018-04
D0120,2018-06
D0120,2019-11
D0120,2020-01
D0120,2021-02
D0120,2023-01
D0120,2023-04
D0120,2024-02
D0120,2024-07
D0120,2024-08
D0145,2021-04
D0145,2022-10
D0145,2024-08
D0150,2018-10
D0150,2019-11
D0150,2021-05
D0150,2024-03
D0150,2024-11
D0210,2018-05
D0210,2022-10
D0210,2022-12
D0210,2024-03
D0220,2018-06
D0220,2022-03
D0220,2022-06
D0220,2022-08
D0220,2022-10
D0220,2022-11
D0220,2023-07
D0220,2024-06
D0220,2024-11
D0230,2021-06
D0230,2023-01
D0230,2023-06
D0230,2023-09
D0230,2024-02
D0230,2024-05
D0230,2024-08
D0240,2021-09
D0272,2018-11
D0272,2022-02
D0272,2022-03
D0272,2024-07
D0272,2024-08
D0274,2018-02
D0274,2019-09
D0274,2021-04
D0274,2022-11
D0274,2023-08
D0330,2019-11
D0330,2020-02
D0330,2023-05
D0330,2023-07
D0350,2020-09
D0350,2021-11
D0350,2024-10
D0603,2021-03
D0603,2022-09
D0999,2024-05
D1110,2018-01
D1110,2020-06
D1110,2021-02
D1110,2022-11
D1110,2023-09
D1110,2024-02
D1110,2024-06
D1110,2024-11
D1120,2018-11
D1120,2019-07
D1120,2020-11
D1120,2020-12
D1120,2022-08
D1120,2023-10
D1120,2024-05
D1206,2018-08
D1206,2021-05
D1206,2023-04
D1206,2024-02
D1208,2021-04
D1208,2021-10
D1208,2022-10
D1330,2020-01
D1351,2018-04
D1351,2019-10
D1351,2019-11
D1351,2020-11
D1351,2021-07
D1999,2020-12
D1999,2021-08
D2391,2019-08
D2392,2020-01
D2392,2020-05
D2392,2020-10
D2392,2022-05
D2392,2024-08
D2392,2024-10
D2930,2019-10
D2930,2023-06
D4355,2024-11
D4910,2024-04
D7140,2021-06
D7140,2022-02
D7140,2022-09
D7240,2021-08
D8660,2024-11
D9230,2022-08
D9243,2021-05
D9420,2021-12
D9993,2021-01
E0431,2020-12
E0431,2021-09
E0431,2022-05
E0442,2023-11
E0445,2018-07
E0466,2019-01
E0562,2020-01
E0601,2022-06
E0955,2024-04
E2377,2023-11
G0008,2020-09
G0279,2022-02
G0279,2023-10
G0378,2019-10
G0463,2021-01
G0463,2022-10
G0463,2023-06
G0463,2023-11
G0466,2019-07
G0470,2020-01
G0480,2021-01
G0480,2022-11
G0481,2018-08
G0483,2023-11
G2023,2021-04
G8420,2019-08
G8427,2018-01
G8427,2019-09
G8427,2021-01
G8482,2022-01
G8510,2023-11
G8754,2022-12
G8907,2022-09
G9012,2021-11
G9637,2021-03
G9744,2019-11
G9744,2021-01
G9903,2022-05
G9920,2024-05
H0002,2019-07
H0004,2019-02
H0004,2022-10
H0005,2023-05
H0006,2020-04
H0019,2024-07
H0031,2021-04
H0031,2021-05
H0031,2021-12
H0031,2024-07
H0032,2019-11
H0036,2021-05
H0038,2023-04
H0043,2020-03
H0044,2021-06
H0046,2022-10
H2010,2022-03
H2010,2023-01
H2014,2024-10
H2016,2023-06
H2017,2018-04
H2017,2019-08
H2019,2020-12
H2019,2023-03
H2035,2023-01
J0178,2019-11
J0178,2021-10
J0696,2021-11
J0696,2024-04
J0780,2018-07
J0780,2019-11
J1050,2019-07
J1100,2022-11
J1100,2024-09
J1170,2018-10
J1439,2021-12
J1885,2020-02
J2001,2023-07
J2250,2021-06
J2250,2022-10
J2270,2020-02
J2704,2022-08
J3010,2023-04
J3301,2019-06
J3490,2021-11
J7120,2020-10
J7613,2019-04
J7620,2018-02
K0108,2024-08
K0195,2022-09
L3216,2024-07
L3908,2024-05
M1016,2023-02
P9604,2021-11
Q0091,2019-09
Q0091,2024-07
Q4081,2023-03
Q9967,2018-02
S0209,2020-09
S0302,2021-10
S0620,2019-06
S0621,2019-01
S5105,2023-12
S5125,2022-10
S5130,2020-12
S5150,2018-03
S5185,2022-10
S5199,2021-04
S9083,2021-09
S9083,2022-02
T1001,2020-01
T1002,2023-10
T1004,2023-09
T1015,2018-02
T1015,2020-01
T1015,2020-03
T1015,2021-02
T1015,2021-08
T1015,2023-05
T1015,2023-06
T1015,2023-12
T1015,2024-01
T1015,2024-04
T1015,2024-08
T1015,2024-11
T1015,2024-12
T1017,2018-07
T1017,2024-10
T1018,2022-08
T1019,2020-11
T1019,2023-03
T1023,2024-08
T1027,2023-07
T2016,2022-08
T2022,2018-05
T2025,2022-10
T4524,2019-09
T4524,2020-12
T4526,2020-04
T4531,2022-03
U0003,2020-08
U0003,2021-11
U0004,2020-11
U0004,2022-05
U0005,2021-12
V2020,2022-10
V2020,2023-04
V2100,2022-10
V2200,2020-11
V2750,2019-03
V2750,2021-08
V2784,2022-01
V2784,2022-05
Z4307,2024-01
Z7502,2018-01
Z7506,2018-09
Z7610,2024-04
